#Release 14.7 - par P.20131013 (nt64)
#Copyright (c) 1995-2013 Xilinx, Inc.  All rights reserved.

#Thu Dec 01 21:30:00 2022

#
## NOTE: This file is designed to be imported into a spreadsheet program
# such as Microsoft Excel for viewing, printing and sorting. The |
# character is used as the data field separator. This file is also designed
# to support parsing.
#
#INPUT FILE:       MAIN_map.ncd
#OUTPUT FILE:      MAIN_pad.csv
#PART TYPE:        xc6slx150t
#SPEED GRADE:      -3
#PACKAGE:          fgg676
#
# Pinout by Pin Number:
# 
# -----,-----,-----,-----,-----,-----,-----,-----,-----,-----,-----,-----,-----,-----,-----,
Pin Number,Signal Name,Pin Usage,Pin Name,Direction,IO Standard,IO Bank Number,Drive (mA),Slew Rate,Termination,IOB Delay,Voltage,Constraint,IO Register,Signal Integrity,
A1,,,GND,,,,,,,,,,,,
A2,,IOBS,IO_L14N_0,UNUSED,,0,,,,,,,,,
A3,,IOBM,IO_L14P_0,UNUSED,,0,,,,,,,,,
A4,,IOBS,IO_L22N_0,UNUSED,,0,,,,,,,,,
A5,,IOBS,IO_L24N_0,UNUSED,,0,,,,,,,,,
A6,,OPAD,MGTTXN0_101,UNUSED,,,,,,,,,,,
A7,,,MGTAVTTTX_101,,,,,,,,,,,,
A8,,OPAD,MGTTXN1_101,UNUSED,,,,,,,,,,,
A9,,,GND,,,,,,,,,,,,
A10,,IPAD,MGTREFCLK0N_101,UNUSED,,,,,,,,,,,
A11,,,GND,,,,,,,,,,,,
A12,,IOBS,IO_L36N_GCLK14_0,UNUSED,,0,,,,,,,,,
A13,,IOBS,IO_L35N_GCLK16_0,UNUSED,,0,,,,,,,,,
A14,,IOBS,IO_L37N_GCLK12_0,UNUSED,,0,,,,,,,,,
A15,,,GND,,,,,,,,,,,,
A16,,IPAD,MGTREFCLK1N_123,UNUSED,,,,,,,,,,,
A17,,,GND,,,,,,,,,,,,
A18,,OPAD,MGTTXN0_123,UNUSED,,,,,,,,,,,
A19,,,MGTAVTTTX_123,,,,,,,,,,,,
A20,,OPAD,MGTTXN1_123,UNUSED,,,,,,,,,,,
A21,,,GND,,,,,,,,,,,,
A22,,IOBS,IO_L63N_SCP6_0,UNUSED,,0,,,,,,,,,
A23,,IOBS,IO_L65N_SCP2_0,UNUSED,,0,,,,,,,,,
A24,,,TCK,,,,,,,,,,,,
A25,,IOBS,IO_L2N_M5A14_5,UNUSED,,5,,,,,,,,,
A26,,,GND,,,,,,,,,,,,
AA1,input1<26>,IOB,IO_L36N_M3DQ9_3,INPUT,LVCMOS25*,3,,,,NONE,,UNLOCATED,NO,NONE,
AA2,input1<27>,IOB,IO_L36P_M3DQ8_3,INPUT,LVCMOS25*,3,,,,NONE,,UNLOCATED,NO,NONE,
AA3,input1<1>,IOB,IO_L2N_3,INPUT,LVCMOS25*,3,,,,NONE,,UNLOCATED,NO,NONE,
AA4,input1<0>,IOB,IO_L2P_3,INPUT,LVCMOS25*,3,,,,NONE,,UNLOCATED,NO,NONE,
AA5,,,VCCAUX,,,,,,,,2.5,,,,
AA6,,IOBS,IO_L64N_D9_2,UNUSED,,2,,,,,,,,,
AA7,,IOBM,IO_L64P_D8_2,UNUSED,,2,,,,,,,,,
AA8,,IOBS,IO_L52N_2,UNUSED,,2,,,,,,,,,
AA9,,IOBM,IO_L47P_2,UNUSED,,2,,,,,,,,,
AA10,,IOBM,IO_L48P_D7_2,UNUSED,,2,,,,,,,,,
AA11,,IOBS,IO_L41N_VREF_2,UNUSED,,2,,,,,,,,,
AA12,,IOBS,IO_L33N_2,UNUSED,,2,,,,,,,,,
AA13,,IOBS,IO_L36N_2,UNUSED,,2,,,,,,,,,
AA14,,,VCCO_2,,,2,,,,,any******,,,,
AA15,,IOBM,IO_L28P_2,UNUSED,,2,,,,,,,,,
AA16,,IOBS,IO_L24N_VREF_2,UNUSED,,2,,,,,,,,,
AA17,,IOBS,IO_L16N_VREF_2,UNUSED,,2,,,,,,,,,
AA18,,IOBM,IO_L20P_2,UNUSED,,2,,,,,,,,,
AA19,,IOBM,IO_L18P_2,UNUSED,,2,,,,,,,,,
AA20,,,VCCO_2,,,2,,,,,any******,,,,
AA21,,IOBM,IO_L15P_2,UNUSED,,2,,,,,,,,,
AA22,,IOBS,IO_L2N_CMPMOSI_2,UNUSED,,2,,,,,,,,,
AA23,input2<17>,IOB,IO_L67P_1,INPUT,LVCMOS25*,1,,,,NONE,,UNLOCATED,NO,NONE,
AA24,input2<15>,IOB,IO_L67N_1,INPUT,LVCMOS25*,1,,,,NONE,,UNLOCATED,NO,NONE,
AA25,input2<6>,IOB,IO_L47P_FWE_B_M1DQ0_1,INPUT,LVCMOS25*,1,,,,NONE,,UNLOCATED,NO,NONE,
AA26,input2<12>,IOB,IO_L47N_LDC_M1DQ1_1,INPUT,LVCMOS25*,1,,,,NONE,,UNLOCATED,NO,NONE,
AB1,input1<17>,IOB,IO_L32N_M3DQ15_3,INPUT,LVCMOS25*,3,,,,NONE,,UNLOCATED,NO,NONE,
AB2,,,GND,,,,,,,,,,,,
AB3,input1<13>,IOB,IO_L32P_M3DQ14_3,INPUT,LVCMOS25*,3,,,,NONE,,UNLOCATED,NO,NONE,
AB4,input1<4>,IOB,IO_L8P_3,INPUT,LVCMOS25*,3,,,,NONE,,UNLOCATED,NO,NONE,
AB5,input1<5>,IOB,IO_L1P_3,INPUT,LVCMOS25*,3,,,,NONE,,UNLOCATED,NO,NONE,
AB6,,,VCCO_2,,,2,,,,,any******,,,,
AB7,,IOBM,IO_L53P_2,UNUSED,,2,,,,,,,,,
AB8,,,VCCAUX,,,,,,,,2.5,,,,
AB9,,IOBS,IO_L47N_2,UNUSED,,2,,,,,,,,,
AB10,,,MGTRREF_245,,,,,,,,,,,,
AB11,,IOBS,IO_L48N_RDWR_B_VREF_2,UNUSED,,2,,,,,,,,,
AB12,,,MGTAVTTRCAL_245,,,,,,,,,,,,
AB13,,IOBM,IO_L36P_2,UNUSED,,2,,,,,,,,,
AB14,,IOBM,IO_L30P_GCLK1_D13_2,UNUSED,,2,,,,,,,,,
AB15,,IOBS,IO_L28N_2,UNUSED,,2,,,,,,,,,
AB16,,,GND,,,,,,,,,,,,
AB17,,IOBS,IO_L20N_2,UNUSED,,2,,,,,,,,,
AB18,,,VCCAUX,,,,,,,,2.5,,,,
AB19,,IOBS,IO_L18N_2,UNUSED,,2,,,,,,,,,
AB20,,,GND,,,,,,,,,,,,
AB21,,IOBS,IO_L15N_2,UNUSED,,2,,,,,,,,,
AB22,,IOBM,IO_L5P_2,UNUSED,,2,,,,,,,,,
AB23,,,VCCO_1,,,1,,,,,2.50,,,,
AB24,input2<7>,IOB,IO_L49P_M1DQ10_1,INPUT,LVCMOS25*,1,,,,NONE,,UNLOCATED,NO,NONE,
AB25,,,GND,,,,,,,,,,,,
AB26,input2<8>,IOB,IO_L49N_M1DQ11_1,INPUT,LVCMOS25*,1,,,,NONE,,UNLOCATED,NO,NONE,
AC1,input1<25>,IOB,IO_L34N_M3UDQSN_3,INPUT,LVCMOS25*,3,,,,NONE,,UNLOCATED,NO,NONE,
AC2,input1<23>,IOB,IO_L34P_M3UDQS_3,INPUT,LVCMOS25*,3,,,,NONE,,UNLOCATED,NO,NONE,
AC3,input1<6>,IOB,IO_L8N_3,INPUT,LVCMOS25*,3,,,,NONE,,UNLOCATED,NO,NONE,
AC4,input1<3>,IOB,IO_L1N_VREF_3,INPUT,LVCMOS25*,3,,,,NONE,,UNLOCATED,NO,NONE,
AC5,,IOBM,IO_L61P_2,UNUSED,,2,,,,,,,,,
AC6,,IOBS,IO_L53N_2,UNUSED,,2,,,,,,,,,
AC7,,,VCCAUX,,,,,,,,2.5,,,,
AC8,,IPAD,MGTRXP0_245,UNUSED,,,,,,,,,,,
AC9,,,MGTAVTTRX_245,,,,,,,,,,,,
AC10,,IPAD,MGTRXP1_245,UNUSED,,,,,,,,,,,
AC11,,,GND,,,,,,,,,,,,
AC12,,IPAD,MGTREFCLK1P_245,UNUSED,,,,,,,,,,,
AC13,,,GND,,,,,,,,,,,,
AC14,,IOBS,IO_L30N_GCLK0_USERCCLK_2,UNUSED,,2,,,,,,,,,
AC15,,,GND,,,,,,,,,,,,
AC16,,IPAD,MGTREFCLK0P_267,UNUSED,,,,,,,,,,,
AC17,,,GND,,,,,,,,,,,,
AC18,,IPAD,MGTRXP0_267,UNUSED,,,,,,,,,,,
AC19,,,MGTAVTTRX_267,,,,,,,,,,,,
AC20,,IPAD,MGTRXP1_267,UNUSED,,,,,,,,,,,
AC21,,,VCCAUX,,,,,,,,2.5,,,,
AC22,,IOBS,IO_L5N_2,UNUSED,,2,,,,,,,,,
AC23,input2<20>,IOB,IO_L74P_AWAKE_1,INPUT,LVCMOS25*,1,,,,NONE,,UNLOCATED,NO,NONE,
AC24,input2<22>,IOB,IO_L74N_DOUT_BUSY_1,INPUT,LVCMOS25*,1,,,,NONE,,UNLOCATED,NO,NONE,
AC25,input2<23>,IOB,IO_L50P_M1UDQS_1,INPUT,LVCMOS25*,1,,,,NONE,,UNLOCATED,NO,NONE,
AC26,input2<24>,IOB,IO_L50N_M1UDQSN_1,INPUT,LVCMOS25*,1,,,,NONE,,UNLOCATED,NO,NONE,
AD1,input1<21>,IOB,IO_L33N_M3DQ13_3,INPUT,LVCMOS25*,3,,,,NONE,,UNLOCATED,NO,NONE,
AD2,,,VCCO_3,,,3,,,,,any******,,,,
AD3,input1<18>,IOB,IO_L33P_M3DQ12_3,INPUT,LVCMOS25*,3,,,,NONE,,UNLOCATED,NO,NONE,
AD4,,IOBM,IO_L63P_2,UNUSED,,2,,,,,,,,,
AD5,,IOBS,IO_L61N_VREF_2,UNUSED,,2,,,,,,,,,
AD6,,IOBM,IO_L49P_D3_2,UNUSED,,2,,,,,,,,,
AD7,,,GND,,,,,,,,,,,,
AD8,,IPAD,MGTRXN0_245,UNUSED,,,,,,,,,,,
AD9,,,GND,,,,,,,,,,,,
AD10,,IPAD,MGTRXN1_245,UNUSED,,,,,,,,,,,
AD11,,,MGTAVCC_245,,,,,,,,,,,,
AD12,,IPAD,MGTREFCLK1N_245,UNUSED,,,,,,,,,,,
AD13,,,MGTAVCCPLL1_245,,,,,,,,,,,,
AD14,,IOBM,IO_L32P_GCLK29_2,UNUSED,,2,,,,,,,,,
AD15,,,MGTAVCCPLL0_267,,,,,,,,,,,,
AD16,,IPAD,MGTREFCLK0N_267,UNUSED,,,,,,,,,,,
AD17,,,MGTAVCC_267,,,,,,,,,,,,
AD18,,IPAD,MGTRXN0_267,UNUSED,,,,,,,,,,,
AD19,,,GND,,,,,,,,,,,,
AD20,,IPAD,MGTRXN1_267,UNUSED,,,,,,,,,,,
AD21,,,GND,,,,,,,,,,,,
AD22,,IOBM,IO_L13P_M1_2,UNUSED,,2,,,,,,,,,
AD23,,IOBM,IO_L3P_D0_DIN_MISO_MISO1_2,UNUSED,,2,,,,,,,,,
AD24,input2<11>,IOB,IO_L48P_HDC_M1DQ8_1,INPUT,LVCMOS25*,1,,,,NONE,,UNLOCATED,NO,NONE,
AD25,,,VCCO_1,,,1,,,,,2.50,,,,
AD26,input2<10>,IOB,IO_L48N_M1DQ9_1,INPUT,LVCMOS25*,1,,,,NONE,,UNLOCATED,NO,NONE,
AE1,input2<30>,IOB,IO_L35N_M3DQ11_3,INPUT,LVCMOS25*,3,,,,NONE,,UNLOCATED,NO,NONE,
AE2,input1<24>,IOB,IO_L35P_M3DQ10_3,INPUT,LVCMOS25*,3,,,,NONE,,UNLOCATED,NO,NONE,
AE3,,IOBM,IO_L65P_INIT_B_2,UNUSED,,2,,,,,,,,,
AE4,,,VCCO_2,,,2,,,,,any******,,,,
AE5,,IOBM,IO_L51P_2,UNUSED,,2,,,,,,,,,
AE6,,,GND,,,,,,,,,,,,
AE7,,OPAD,MGTTXP0_245,UNUSED,,,,,,,,,,,
AE8,,,GND,,,,,,,,,,,,
AE9,,OPAD,MGTTXP1_245,UNUSED,,,,,,,,,,,
AE10,,,GND,,,,,,,,,,,,
AE11,,IPAD,MGTREFCLK0P_245,UNUSED,,,,,,,,,,,
AE12,,,MGTAVCCPLL0_245,,,,,,,,,,,,
AE13,,IOBM,IO_L31P_GCLK31_D14_2,UNUSED,,2,,,,,,,,,
AE14,,,VCCO_2,,,2,,,,,any******,,,,
AE15,,IOBM,IO_L29P_GCLK3_2,UNUSED,,2,,,,,,,,,
AE16,,,MGTAVCCPLL1_267,,,,,,,,,,,,
AE17,,IPAD,MGTREFCLK1P_267,UNUSED,,,,,,,,,,,
AE18,,,GND,,,,,,,,,,,,
AE19,,OPAD,MGTTXP0_267,UNUSED,,,,,,,,,,,
AE20,,,GND,,,,,,,,,,,,
AE21,,OPAD,MGTTXP1_267,UNUSED,,,,,,,,,,,
AE22,,,GND,,,,,,,,,,,,
AE23,,,VCCO_2,,,2,,,,,any******,,,,
AE24,,IOBM,IO_L1P_CCLK_2,UNUSED,,2,,,,,,,,,
AE25,input2<29>,IOB,IO_L52P_M1DQ14_1,INPUT,LVCMOS25*,1,,,,NONE,,UNLOCATED,NO,NONE,
AE26,input2<28>,IOB,IO_L52N_M1DQ15_1,INPUT,LVCMOS25*,1,,,,NONE,,UNLOCATED,NO,NONE,
AF1,,,GND,,,,,,,,,,,,
AF2,,,PROGRAM_B_2,,,,,,,,,,,,
AF3,,IOBS,IO_L65N_CSO_B_2,UNUSED,,2,,,,,,,,,
AF4,,IOBS,IO_L63N_2,UNUSED,,2,,,,,,,,,
AF5,,IOBS,IO_L51N_2,UNUSED,,2,,,,,,,,,
AF6,,IOBS,IO_L49N_D4_2,UNUSED,,2,,,,,,,,,
AF7,,OPAD,MGTTXN0_245,UNUSED,,,,,,,,,,,
AF8,,,MGTAVTTTX_245,,,,,,,,,,,,
AF9,,OPAD,MGTTXN1_245,UNUSED,,,,,,,,,,,
AF10,,,GND,,,,,,,,,,,,
AF11,,IPAD,MGTREFCLK0N_245,UNUSED,,,,,,,,,,,
AF12,,,GND,,,,,,,,,,,,
AF13,,IOBS,IO_L31N_GCLK30_D15_2,UNUSED,,2,,,,,,,,,
AF14,,IOBS,IO_L32N_GCLK28_2,UNUSED,,2,,,,,,,,,
AF15,,IOBS,IO_L29N_GCLK2_2,UNUSED,,2,,,,,,,,,
AF16,,,GND,,,,,,,,,,,,
AF17,,IPAD,MGTREFCLK1N_267,UNUSED,,,,,,,,,,,
AF18,,,GND,,,,,,,,,,,,
AF19,,OPAD,MGTTXN0_267,UNUSED,,,,,,,,,,,
AF20,,,MGTAVTTTX_267,,,,,,,,,,,,
AF21,,OPAD,MGTTXN1_267,UNUSED,,,,,,,,,,,
AF22,,IOBS,IO_L13N_D10_2,UNUSED,,2,,,,,,,,,
AF23,,IOBS,IO_L3N_MOSI_CSI_B_MISO0_2,UNUSED,,2,,,,,,,,,
AF24,,IOBS,IO_L1N_M0_CMPMISO_2,UNUSED,,2,,,,,,,,,
AF25,,,DONE_2,,,,,,,,,,,,
AF26,,,GND,,,,,,,,,,,,
B1,,IOBS,IO_L75N_M4BA1_4,UNUSED,,4,,,,,,,,,
B2,,IOBM,IO_L75P_M4BA0_4,UNUSED,,4,,,,,,,,,
B3,,IOBS,IO_L4N_0,UNUSED,,0,,,,,,,,,
B4,,IOBM,IO_L22P_0,UNUSED,,0,,,,,,,,,
B5,,IOBM,IO_L24P_0,UNUSED,,0,,,,,,,,,
B6,,OPAD,MGTTXP0_101,UNUSED,,,,,,,,,,,
B7,,,GND,,,,,,,,,,,,
B8,,OPAD,MGTTXP1_101,UNUSED,,,,,,,,,,,
B9,,,GND,,,,,,,,,,,,
B10,,IPAD,MGTREFCLK0P_101,UNUSED,,,,,,,,,,,
B11,,,MGTAVCCPLL0_101,,,,,,,,,,,,
B12,,IOBM,IO_L36P_GCLK15_0,UNUSED,,0,,,,,,,,,
B13,,,VCCO_0,,,0,,,,,any******,,,,
B14,,IOBM,IO_L37P_GCLK13_0,UNUSED,,0,,,,,,,,,
B15,,,MGTAVCCPLL1_123,,,,,,,,,,,,
B16,,IPAD,MGTREFCLK1P_123,UNUSED,,,,,,,,,,,
B17,,,GND,,,,,,,,,,,,
B18,,OPAD,MGTTXP0_123,UNUSED,,,,,,,,,,,
B19,,,GND,,,,,,,,,,,,
B20,,OPAD,MGTTXP1_123,UNUSED,,,,,,,,,,,
B21,,IOBS,IO_L59N_0,UNUSED,,0,,,,,,,,,
B22,,IOBM,IO_L63P_SCP7_0,UNUSED,,0,,,,,,,,,
B23,,IOBM,IO_L65P_SCP3_0,UNUSED,,0,,,,,,,,,
B24,,IOBM,IO_L2P_M5A13_5,UNUSED,,5,,,,,,,,,
B25,,IOBM,IO_L11P_M5CLK_5,UNUSED,,5,,,,,,,,,
B26,,IOBS,IO_L11N_M5CLKN_5,UNUSED,,5,,,,,,,,,
C1,,IOBS,IO_L79N_M4A9_4,UNUSED,,4,,,,,,,,,
C2,,IOBM,IO_L79P_M4A8_4,UNUSED,,4,,,,,,,,,
C3,,IOBM,IO_L4P_0,UNUSED,,0,,,,,,,,,
C4,,,VCCO_0,,,0,,,,,any******,,,,
C5,,IOBS,IO_L16N_0,UNUSED,,0,,,,,,,,,
C6,,,GND,,,,,,,,,,,,
C7,,IPAD,MGTRXN0_101,UNUSED,,,,,,,,,,,
C8,,,GND,,,,,,,,,,,,
C9,,IPAD,MGTRXN1_101,UNUSED,,,,,,,,,,,
C10,,,MGTAVCC_101,,,,,,,,,,,,
C11,,IPAD,MGTREFCLK1N_101,UNUSED,,,,,,,,,,,
C12,,,MGTAVCCPLL1_101,,,,,,,,,,,,
C13,,IOBM,IO_L35P_GCLK17_0,UNUSED,,0,,,,,,,,,
C14,,,MGTAVCCPLL0_123,,,,,,,,,,,,
C15,,IPAD,MGTREFCLK0N_123,UNUSED,,,,,,,,,,,
C16,,,MGTAVCC_123,,,,,,,,,,,,
C17,,IPAD,MGTRXN0_123,UNUSED,,,,,,,,,,,
C18,,,GND,,,,,,,,,,,,
C19,,IPAD,MGTRXN1_123,UNUSED,,,,,,,,,,,
C20,,,GND,,,,,,,,,,,,
C21,,IOBM,IO_L59P_0,UNUSED,,0,,,,,,,,,
C22,,,VCCO_0,,,0,,,,,any******,,,,
C23,,,TDI,,,,,,,,,,,,
C24,,IOBS,IO_L4N_M5A12_5,UNUSED,,5,,,,,,,,,
C25,,IOBM,IO_L10P_M5A0_5,UNUSED,,5,,,,,,,,,
C26,,IOBS,IO_L10N_M5A1_5,UNUSED,,5,,,,,,,,,
D1,,IOBS,IO_L68N_M4DQ5_4,UNUSED,,4,,,,,,,,,
D2,,,VCCO_4,,,4,,,,,any******,,,,
D3,,IOBM,IO_L68P_M4DQ4_4,UNUSED,,4,,,,,,,,,
D4,,,GND,,,,,,,,,,,,
D5,,IOBM,IO_L16P_0,UNUSED,,0,,,,,,,,,
D6,,,VCCAUX,,,,,,,,2.5,,,,
D7,,IPAD,MGTRXP0_101,UNUSED,,,,,,,,,,,
D8,,,MGTAVTTRX_101,,,,,,,,,,,,
D9,,IPAD,MGTRXP1_101,UNUSED,,,,,,,,,,,
D10,,,GND,,,,,,,,,,,,
D11,,IPAD,MGTREFCLK1P_101,UNUSED,,,,,,,,,,,
D12,,,GND,,,,,,,,,,,,
D13,,IOBS,IO_L34N_GCLK18_0,UNUSED,,0,,,,,,,,,
D14,,,GND,,,,,,,,,,,,
D15,,IPAD,MGTREFCLK0P_123,UNUSED,,,,,,,,,,,
D16,,,GND,,,,,,,,,,,,
D17,,IPAD,MGTRXP0_123,UNUSED,,,,,,,,,,,
D18,,,MGTAVTTRX_123,,,,,,,,,,,,
D19,,IPAD,MGTRXP1_123,UNUSED,,,,,,,,,,,
D20,,,VCCAUX,,,,,,,,2.5,,,,
D21,,IOBM,IO_L66P_SCP1_0,UNUSED,,0,,,,,,,,,
D22,,IOBS,IO_L66N_SCP0_0,UNUSED,,0,,,,,,,,,
D23,,IOBM,IO_L4P_M5CKE_5,UNUSED,,5,,,,,,,,,
D24,,IOBM,IO_L17P_M5DQ6_5,UNUSED,,5,,,,,,,,,
D25,,,VCCO_5,,,5,,,,,any******,,,,
D26,,IOBS,IO_L17N_M5DQ7_5,UNUSED,,5,,,,,,,,,
E1,,IOBS,IO_L67N_M4DQ7_4,UNUSED,,4,,,,,,,,,
E2,,IOBM,IO_L67P_M4DQ6_4,UNUSED,,4,,,,,,,,,
E3,,IOBS,IO_L81N_M4A11_4,UNUSED,,4,,,,,,,,,
E4,,IOBM,IO_L81P_M4RESET_4,UNUSED,,4,,,,,,,,,
E5,,IOBS,IO_L8N_VREF_0,UNUSED,,0,,,,,,,,,
E6,,IOBM,IO_L8P_0,UNUSED,,0,,,,,,,,,
E7,,,GND,,,,,,,,,,,,
E8,,IOBS,IO_L15N_0,UNUSED,,0,,,,,,,,,
E9,,,MGTRREF_101,,,,,,,,,,,,
E10,,IOBS,IO_L23N_0,UNUSED,,0,,,,,,,,,
E11,,,MGTAVTTRCAL_101,,,,,,,,,,,,
E12,,IOBS,IO_L31N_0,UNUSED,,0,,,,,,,,,
E13,,IOBM,IO_L34P_GCLK19_0,UNUSED,,0,,,,,,,,,
E14,,IOBS,IO_L40N_0,UNUSED,,0,,,,,,,,,
E15,,,GND,,,,,,,,,,,,
E16,,IOBS,IO_L49N_0,UNUSED,,0,,,,,,,,,
E17,,,VCCAUX,,,,,,,,2.5,,,,
E18,,IOBS,IO_L51N_0,UNUSED,,0,,,,,,,,,
E19,,,GND,,,,,,,,,,,,
E20,,IOBS,IO_L57N_0,UNUSED,,0,,,,,,,,,
E21,,,VCCO_0,,,0,,,,,any******,,,,
E22,,,GND,,,,,,,,,,,,
E23,,IOBM,IO_L8P_M5A7_5,UNUSED,,5,,,,,,,,,
E24,,IOBS,IO_L8N_M5A2_5,UNUSED,,5,,,,,,,,,
E25,,IOBM,IO_L16P_M5DQ4_5,UNUSED,,5,,,,,,,,,
E26,,IOBS,IO_L16N_M5DQ5_5,UNUSED,,5,,,,,,,,,
F1,,IOBS,IO_L66N_M4LDQSN_4,UNUSED,,4,,,,,,,,,
F2,,,GND,,,,,,,,,,,,
F3,,IOBM,IO_L66P_M4LDQS_4,UNUSED,,4,,,,,,,,,
F4,,,VCCO_4,,,4,,,,,any******,,,,
F5,,IOBS,IO_L5N_0,UNUSED,,0,,,,,,,,,
F6,,IOBS,IO_L3N_0,UNUSED,,0,,,,,,,,,
F7,,IOBM,IO_L3P_0,UNUSED,,0,,,,,,,,,
F8,,,VCCO_0,,,0,,,,,any******,,,,
F9,,IOBM,IO_L15P_0,UNUSED,,0,,,,,,,,,
F10,,IOBM,IO_L23P_0,UNUSED,,0,,,,,,,,,
F11,,IOBS,IO_L30N_0,UNUSED,,0,,,,,,,,,
F12,,IOBM,IO_L31P_0,UNUSED,,0,,,,,,,,,
F13,,,VCCO_0,,,0,,,,,any******,,,,
F14,,IOBM,IO_L40P_0,UNUSED,,0,,,,,,,,,
F15,,IOBS,IO_L50N_0,UNUSED,,0,,,,,,,,,
F16,,IOBM,IO_L49P_0,UNUSED,,0,,,,,,,,,
F17,,IOBS,IO_L56N_0,UNUSED,,0,,,,,,,,,
F18,,IOBM,IO_L51P_0,UNUSED,,0,,,,,,,,,
F19,,IOBS,IO_L64N_SCP4_0,UNUSED,,0,,,,,,,,,
F20,,IOBM,IO_L57P_0,UNUSED,,0,,,,,,,,,
F21,,,TMS,,,,,,,,,,,,
F22,,IOBM,IO_L6P_M5A10_5,UNUSED,,5,,,,,,,,,
F23,,IOBM,IO_L14P_M5RASN_5,UNUSED,,5,,,,,,,,,
F24,,IOBM,IO_L18P_M5LDQS_5,UNUSED,,5,,,,,,,,,
F25,,,GND,,,,,,,,,,,,
F26,,IOBS,IO_L18N_M5LDQSN_5,UNUSED,,5,,,,,,,,,
G1,,IOBS,IO_L65N_M4DQ3_4,UNUSED,,4,,,,,,,,,
G2,,IOBM,IO_L65P_M4DQ2_4,UNUSED,,4,,,,,,,,,
G3,,IOBS,IO_L77N_M4BA2_4,UNUSED,,4,,,,,,,,,
G4,,IOBM,IO_L77P_M4WE_4,UNUSED,,4,,,,,,,,,
G5,,,VCCAUX,,,,,,,,2.5,,,,
G6,,IOBM,IO_L5P_0,UNUSED,,0,,,,,,,,,
G7,,IOBS,IO_L1N_VREF_0,UNUSED,,0,,,,,,,,,
G8,,IOBS,IO_L2N_0,UNUSED,,0,,,,,,,,,
G9,,IOBS,IO_L13N_0,UNUSED,,0,,,,,,,,,
G10,,IOBS,IO_L21N_0,UNUSED,,0,,,,,,,,,
G11,,IOBS,IO_L32N_0,UNUSED,,0,,,,,,,,,
G12,,IOBM,IO_L30P_0,UNUSED,,0,,,,,,,,,
G13,,IOBS,IO_L33N_0,UNUSED,,0,,,,,,,,,
G14,,,GND,,,,,,,,,,,,
G15,,IOBM,IO_L50P_0,UNUSED,,0,,,,,,,,,
G16,,IOBM,IO_L56P_0,UNUSED,,0,,,,,,,,,
G17,,IOBS,IO_L58N_0,UNUSED,,0,,,,,,,,,
G18,,,VCCO_0,,,0,,,,,any******,,,,
G19,,IOBM,IO_L64P_SCP5_0,UNUSED,,0,,,,,,,,,
G20,,IOBS,IO_L1N_A24_VREF_5,UNUSED,,5,,,,,,,,,
G21,,,TDO,,,,,,,,,,,,
G22,,,VCCO_5,,,5,,,,,any******,,,,
G23,,IOBS,IO_L6N_M5A4_5,UNUSED,,5,,,,,,,,,
G24,,IOBS,IO_L14N_M5CASN_5,UNUSED,,5,,,,,,,,,
G25,,IOBM,IO_L20P_M5DQ0_5,UNUSED,,5,,,,,,,,,
G26,,IOBS,IO_L20N_M5DQ1_5,UNUSED,,5,,,,,,,,,
H1,,IOBS,IO_L64N_M4DQ1_4,UNUSED,,4,,,,,,,,,
H2,,,VCCO_4,,,4,,,,,any******,,,,
H3,,IOBM,IO_L64P_M4DQ0_4,UNUSED,,4,,,,,,,,,
H4,,,GND,,,,,,,,,,,,
H5,,IOBS,IO_L83N_VREF_4,UNUSED,,4,,,,,,,,,
H6,,IOBM,IO_L83P_4,UNUSED,,4,,,,,,,,,
H7,,IOBM,IO_L1P_HSWAPEN_0,UNUSED,,0,,,,,,,,,
H8,,IOBM,IO_L2P_0,UNUSED,,0,,,,,,,,,
H9,,IOBM,IO_L13P_0,UNUSED,,0,,,,,,,,,
H10,,IOBM,IO_L21P_0,UNUSED,,0,,,,,,,,,
H11,,,VCCO_0,,,0,,,,,any******,,,,
H12,,IOBM,IO_L33P_0,UNUSED,,0,,,,,,,,,
H13,,IOBS,IO_L39N_0,UNUSED,,0,,,,,,,,,
H14,,IOBS,IO_L41N_0,UNUSED,,0,,,,,,,,,
H15,,IOBS,IO_L43N_0,UNUSED,,0,,,,,,,,,
H16,,,VCCO_0,,,0,,,,,any******,,,,
H17,,IOBM,IO_L58P_0,UNUSED,,0,,,,,,,,,
H18,,IOBM,IO_L62P_0,UNUSED,,0,,,,,,,,,
H19,,IOBS,IO_L62N_VREF_0,UNUSED,,0,,,,,,,,,
H20,,IOBM,IO_L1P_A25_5,UNUSED,,5,,,,,,,,,
H21,,IOBM,IO_L5P_M5A8_5,UNUSED,,5,,,,,,,,,
H22,,IOBS,IO_L5N_M5A9_5,UNUSED,,5,,,,,,,,,
H23,,,GND,,,,,,,,,,,,
H24,,IOBM,IO_L19P_M5DQ2_5,UNUSED,,5,,,,,,,,,
H25,,,VCCO_5,,,5,,,,,any******,,,,
H26,,IOBS,IO_L19N_M5DQ3_5,UNUSED,,5,,,,,,,,,
J1,,IOBS,IO_L63N_M4DQ9_4,UNUSED,,4,,,,,,,,,
J2,,IOBM,IO_L63P_M4DQ8_4,UNUSED,,4,,,,,,,,,
J3,,IOBS,IO_L69N_M4LDM_4,UNUSED,,4,,,,,,,,,
J4,,IOBM,IO_L69P_M4UDM_4,UNUSED,,4,,,,,,,,,
J5,,IOBS,IO_L73N_M4CLKN_4,UNUSED,,4,,,,,,,,,
J6,,,VCCO_4,,,4,,,,,any******,,,,
J7,,IOBS,IO_L78N_M4A4_4,UNUSED,,4,,,,,,,,,
J8,,,GND,,,,,,,,,,,,
J9,,IOBM,IO_L78P_M4A10_4,UNUSED,,4,,,,,,,,,
J10,,,VCCAUX,,,,,,,,2.5,,,,
J11,,IOBM,IO_L32P_0,UNUSED,,0,,,,,,,,,
J12,,IOBS,IO_L38N_VREF_0,UNUSED,,0,,,,,,,,,
J13,,IOBM,IO_L39P_0,UNUSED,,0,,,,,,,,,
J14,,,VCCO_0,,,0,,,,,any******,,,,
J15,,IOBM,IO_L43P_0,UNUSED,,0,,,,,,,,,
J16,,IOBM,IO_L48P_0,UNUSED,,0,,,,,,,,,
J17,,IOBS,IO_L48N_0,UNUSED,,0,,,,,,,,,
J18,,,VCCAUX,,,,,,,,2.5,,,,
J19,,,GND,,,,,,,,,,,,
J20,,IOBM,IO_L7P_M5WE_5,UNUSED,,5,,,,,,,,,
J21,,,VCCO_5,,,5,,,,,any******,,,,
J22,,IOBS,IO_L7N_M5BA2_5,UNUSED,,5,,,,,,,,,
J23,,IOBM,IO_L15P_M5UDM_5,UNUSED,,5,,,,,,,,,
J24,,IOBS,IO_L15N_M5LDM_5,UNUSED,,5,,,,,,,,,
J25,,IOBM,IO_L22P_M5DQ10_5,UNUSED,,5,,,,,,,,,
J26,,IOBS,IO_L22N_M5DQ11_5,UNUSED,,5,,,,,,,,,
K1,,IOBS,IO_L62N_M4DQ11_4,UNUSED,,4,,,,,,,,,
K2,,,GND,,,,,,,,,,,,
K3,,IOBM,IO_L62P_M4DQ10_4,UNUSED,,4,,,,,,,,,
K4,,,VCCO_4,,,4,,,,,any******,,,,
K5,,IOBM,IO_L73P_M4CLK_4,UNUSED,,4,,,,,,,,,
K6,,IOBS,IO_L82N_M4A14_4,UNUSED,,4,,,,,,,,,
K7,,IOBM,IO_L82P_M4A13_4,UNUSED,,4,,,,,,,,,
K8,,IOBS,IO_L80N_M4A12_4,UNUSED,,4,,,,,,,,,
K9,,IOBM,IO_L80P_M4CKE_4,UNUSED,,4,,,,,,,,,
K10,,IOBS,IO_L76N_M4A2_4,UNUSED,,4,,,,,,,,,
K11,,,VCCINT,,,,,,,,1.2,,,,
K12,,IOBM,IO_L38P_0,UNUSED,,0,,,,,,,,,
K13,,,VCCAUX,,,,,,,,2.5,,,,
K14,,IOBM,IO_L41P_0,UNUSED,,0,,,,,,,,,
K15,,,VCCAUX,,,,,,,,2.5,,,,
K16,,,GND,,,,,,,,,,,,
K17,,,VCCINT,,,,,,,,1.2,,,,
K18,,IOBM,IO_L3P_M5RESET_5,UNUSED,,5,,,,,,,,,
K19,,IOBS,IO_L3N_M5A11_5,UNUSED,,5,,,,,,,,,
K20,,IOBS,IO_L9N_M5BA1_5,UNUSED,,5,,,,,,,,,
K21,,IOBM,IO_L12P_M5A3_5,UNUSED,,5,,,,,,,,,
K22,,IOBS,IO_L12N_M5ODT_5,UNUSED,,5,,,,,,,,,
K23,,,VCCO_5,,,5,,,,,any******,,,,
K24,,IOBM,IO_L21P_M5DQ8_5,UNUSED,,5,,,,,,,,,
K25,,,GND,,,,,,,,,,,,
K26,,IOBS,IO_L21N_M5DQ9_5,UNUSED,,5,,,,,,,,,
L1,,IOBS,IO_L61N_M4UDQSN_4,UNUSED,,4,,,,,,,,,
L2,,IOBM,IO_L61P_M4UDQS_4,UNUSED,,4,,,,,,,,,
L3,,IOBS,IO_L71N_M4A6_4,UNUSED,,4,,,,,,,,,
L4,,IOBM,IO_L71P_M4A5_4,UNUSED,,4,,,,,,,,,
L5,,,VCCAUX,,,,,,,,2.5,,,,
L6,,IOBS,IO_L74N_M4A1_4,UNUSED,,4,,,,,,,,,
L7,,IOBM,IO_L74P_M4A0_4,UNUSED,,4,,,,,,,,,
L8,,IOBS,IO_L70N_M4CASN_4,UNUSED,,4,,,,,,,,,
L9,,IOBM,IO_L70P_M4RASN_4,UNUSED,,4,,,,,,,,,
L10,,IOBM,IO_L76P_M4A7_4,UNUSED,,4,,,,,,,,,
L11,,,GND,,,,,,,,,,,,
L12,,,VCCINT,,,,,,,,1.2,,,,
L13,,,GND,,,,,,,,,,,,
L14,,,VCCINT,,,,,,,,1.2,,,,
L15,,,GND,,,,,,,,,,,,
L16,,,VCCINT,,,,,,,,1.2,,,,
L17,,,GND,,,,,,,,,,,,
L18,,,VCCAUX,,,,,,,,2.5,,,,
L19,,IOBM,IO_L9P_M5BA0_5,UNUSED,,5,,,,,,,,,
L20,,IOBM,IO_L27P_5,UNUSED,,5,,,,,,,,,
L21,,IOBS,IO_L27N_5,UNUSED,,5,,,,,,,,,
L22,,,VCCAUX,,,,,,,,2.5,,,,
L23,output<0>,IOB,IO_L29P_A23_M1A13_1,OUTPUT,LVCMOS25*,1,12,SLOW,,,,UNLOCATED,NO,NONE,
L24,input2<2>,IOB,IO_L29N_A22_M1A14_1,INPUT,LVCMOS25*,1,,,,NONE,,UNLOCATED,NO,NONE,
L25,,IOBM,IO_L24P_M5DQ12_5,UNUSED,,5,,,,,,,,,
L26,,IOBS,IO_L24N_M5DQ13_5,UNUSED,,5,,,,,,,,,
M1,,IOBS,IO_L60N_M4DQ13_4,UNUSED,,4,,,,,,,,,
M2,,,VCCO_4,,,4,,,,,any******,,,,
M3,,IOBM,IO_L60P_M4DQ12_4,UNUSED,,4,,,,,,,,,
M4,,IOBM,IO_L58P_4,UNUSED,,4,,,,,,,,,
M5,,,GND,,,,,,,,,,,,
M6,,IOBS,IO_L72N_M4ODT_4,UNUSED,,4,,,,,,,,,
M7,,,VCCO_4,,,4,,,,,any******,,,,
M8,,IOBM,IO_L72P_M4A3_4,UNUSED,,4,,,,,,,,,
M9,,IOBS,IO_L57N_VREF_3,UNUSED,,3,,,,,,,,,
M10,,IOBM,IO_L57P_3,UNUSED,,3,,,,,,,,,
M11,,,VCCINT,,,,,,,,1.2,,,,
M12,,,VCCINT,,,,,,,,1.2,,,,
M13,,,VCCINT,,,,,,,,1.2,,,,
M14,,,VCCINT,,,,,,,,1.2,,,,
M15,,,VCCINT,,,,,,,,1.2,,,,
M16,,,VCCINT,,,,,,,,1.2,,,,
M17,,,VCCAUX,,,,,,,,2.5,,,,
M18,,IOBM,IO_L13P_M5A5_5,UNUSED,,5,,,,,,,,,
M19,,IOBS,IO_L13N_M5A6_5,UNUSED,,5,,,,,,,,,
M20,,,VCCO_5,,,5,,,,,any******,,,,
M21,,IOBM,IO_L26P_5,UNUSED,,5,,,,,,,,,
M22,,,GND,,,,,,,,,,,,
M23,,IOBS,IO_L26N_VREF_5,UNUSED,,5,,,,,,,,,
M24,,IOBM,IO_L23P_M5UDQS_5,UNUSED,,5,,,,,,,,,
M25,,,VCCO_5,,,5,,,,,any******,,,,
M26,,IOBS,IO_L23N_M5UDQSN_5,UNUSED,,5,,,,,,,,,
N1,,IOBS,IO_L59N_M4DQ15_4,UNUSED,,4,,,,,,,,,
N2,,IOBM,IO_L59P_M4DQ14_4,UNUSED,,4,,,,,,,,,
N3,,IOBS,IO_L58N_VREF_4,UNUSED,,4,,,,,,,,,
N4,,IOBS,IO_L54N_M3A11_3,UNUSED,,3,,,,,,,,,
N5,,IOBM,IO_L54P_M3RESET_3,UNUSED,,3,,,,,,,,,
N6,,IOBM,IO_L49P_M3A7_3,UNUSED,,3,,,,,,,,,
N7,,IOBS,IO_L51N_M3A4_3,UNUSED,,3,,,,,,,,,
N8,,IOBM,IO_L51P_M3A10_3,UNUSED,,3,,,,,,,,,
N9,,IOBS,IO_L55N_M3A14_3,UNUSED,,3,,,,,,,,,
N10,,,VCCAUX,,,,,,,,2.5,,,,
N11,,,GND,,,,,,,,,,,,
N12,,,VCCINT,,,,,,,,1.2,,,,
N13,,,VCCINT,,,,,,,,1.2,,,,
N14,,,GND,,,,,,,,,,,,
N15,,,VCCINT,,,,,,,,1.2,,,,
N16,,,VCCINT,,,,,,,,1.2,,,,
N17,input2<0>,IOB,IO_L28P_1,INPUT,LVCMOS25*,1,,,,NONE,,UNLOCATED,NO,NONE,
N18,input2<1>,IOB,IO_L28N_VREF_1,INPUT,LVCMOS25*,1,,,,NONE,,UNLOCATED,NO,NONE,
N19,output<2>,IOB,IO_L30P_A21_M1RESET_1,OUTPUT,LVCMOS25*,1,12,SLOW,,,,UNLOCATED,NO,NONE,
N20,output<1>,IOB,IO_L30N_A20_M1A11_1,OUTPUT,LVCMOS25*,1,12,SLOW,,,,UNLOCATED,NO,NONE,
N21,output<4>,IOB,IO_L31P_A19_M1CKE_1,OUTPUT,LVCMOS25*,1,12,SLOW,,,,UNLOCATED,NO,NONE,
N22,output<3>,IOB,IO_L31N_A18_M1A12_1,OUTPUT,LVCMOS25*,1,12,SLOW,,,,UNLOCATED,NO,NONE,
N23,output<8>,IOB,IO_L33P_A15_M1A10_1,OUTPUT,LVCMOS25*,1,12,SLOW,,,,UNLOCATED,NO,NONE,
N24,output<7>,IOB,IO_L33N_A14_M1A4_1,OUTPUT,LVCMOS25*,1,12,SLOW,,,,UNLOCATED,NO,NONE,
N25,,IOBM,IO_L25P_M5DQ14_5,UNUSED,,5,,,,,,,,,
N26,,IOBS,IO_L25N_M5DQ15_5,UNUSED,,5,,,,,,,,,
P1,,IOBS,IO_L48N_M3BA1_3,UNUSED,,3,,,,,,,,,
P2,,,GND,,,,,,,,,,,,
P3,,IOBM,IO_L48P_M3BA0_3,UNUSED,,3,,,,,,,,,
P4,,,VCCO_3,,,3,,,,,any******,,,,
P5,,IOBM,IO_L50P_M3WE_3,UNUSED,,3,,,,,,,,,
P6,,IOBS,IO_L49N_M3A2_3,UNUSED,,3,,,,,,,,,
P7,,,GND,,,,,,,,,,,,
P8,,IOBS,IO_L53N_M3A12_3,UNUSED,,3,,,,,,,,,
P9,,,VCCO_3,,,3,,,,,any******,,,,
P10,,IOBM,IO_L55P_M3A13_3,UNUSED,,3,,,,,,,,,
P11,,,VCCINT,,,,,,,,1.2,,,,
P12,,,VCCINT,,,,,,,,1.2,,,,
P13,,,GND,,,,,,,,,,,,
P14,,,VCCINT,,,,,,,,1.2,,,,
P15,,,VCCINT,,,,,,,,1.2,,,,
P16,,,GND,,,,,,,,,,,,
P17,output<6>,IOB,IO_L32P_A17_M1A8_1,OUTPUT,LVCMOS25*,1,12,SLOW,,,,UNLOCATED,NO,NONE,
P18,,,VCCO_1,,,1,,,,,2.50,,,,
P19,output<5>,IOB,IO_L32N_A16_M1A9_1,OUTPUT,LVCMOS25*,1,12,SLOW,,,,UNLOCATED,NO,NONE,
P20,,,GND,,,,,,,,,,,,
P21,output<12>,IOB,IO_L35P_A11_M1A7_1,OUTPUT,LVCMOS25*,1,12,SLOW,,,,UNLOCATED,NO,NONE,
P22,output<11>,IOB,IO_L35N_A10_M1A2_1,OUTPUT,LVCMOS25*,1,12,SLOW,,,,UNLOCATED,NO,NONE,
P23,,,VCCO_1,,,1,,,,,2.50,,,,
P24,output<16>,IOB,IO_L37P_A7_M1A0_1,OUTPUT,LVCMOS25*,1,12,SLOW,,,,UNLOCATED,NO,NONE,
P25,,,GND,,,,,,,,,,,,
P26,output<15>,IOB,IO_L37N_A6_M1A1_1,OUTPUT,LVCMOS25*,1,12,SLOW,,,,UNLOCATED,NO,NONE,
R1,,IOBS,IO_L44N_GCLK20_M3A6_3,UNUSED,,3,,,,,,,,,
R2,,IOBM,IO_L44P_GCLK21_M3A5_3,UNUSED,,3,,,,,,,,,
R3,,IOBS,IO_L52N_M3A9_3,UNUSED,,3,,,,,,,,,
R4,,IOBM,IO_L52P_M3A8_3,UNUSED,,3,,,,,,,,,
R5,,IOBS,IO_L50N_M3BA2_3,UNUSED,,3,,,,,,,,,
R6,,IOBS,IO_L43N_GCLK22_IRDY2_M3CASN_3,UNUSED,,3,,,,,,,,,
R7,,IOBM,IO_L43P_GCLK23_M3RASN_3,UNUSED,,3,,,,,,,,,
R8,,IOBM,IO_L45P_M3A3_3,UNUSED,,3,,,,,,,,,
R9,,IOBM,IO_L53P_M3CKE_3,UNUSED,,3,,,,,,,,,
R10,,IOBM,IO_L47P_M3A0_3,UNUSED,,3,,,,,,,,,
R11,,,VCCINT,,,,,,,,1.2,,,,
R12,,,VCCINT,,,,,,,,1.2,,,,
R13,,,VCCINT,,,,,,,,1.2,,,,
R14,,,VCCINT,,,,,,,,1.2,,,,
R15,,,VCCINT,,,,,,,,1.2,,,,
R16,,,VCCINT,,,,,,,,1.2,,,,
R17,,,VCCINT,,,,,,,,1.2,,,,
R18,output<10>,IOB,IO_L34P_A13_M1WE_1,OUTPUT,LVCMOS25*,1,12,SLOW,,,,UNLOCATED,NO,NONE,
R19,output<9>,IOB,IO_L34N_A12_M1BA2_1,OUTPUT,LVCMOS25*,1,12,SLOW,,,,UNLOCATED,NO,NONE,
R20,output<14>,IOB,IO_L36P_A9_M1BA0_1,OUTPUT,LVCMOS25*,1,12,SLOW,,,,UNLOCATED,NO,NONE,
R21,output<13>,IOB,IO_L36N_A8_M1BA1_1,OUTPUT,LVCMOS25*,1,12,SLOW,,,,UNLOCATED,NO,NONE,
R22,,,VCCAUX,,,,,,,,2.5,,,,
R23,output<18>,IOB,IO_L38P_A5_M1CLK_1,OUTPUT,LVCMOS25*,1,12,SLOW,,,,UNLOCATED,NO,NONE,
R24,output<17>,IOB,IO_L38N_A4_M1CLKN_1,OUTPUT,LVCMOS25*,1,12,SLOW,,,,UNLOCATED,NO,NONE,
R25,output<24>,IOB,IO_L41P_GCLK9_IRDY1_M1RASN_1,OUTPUT,LVCMOS25*,1,12,SLOW,,,,UNLOCATED,NO,NONE,
R26,output<23>,IOB,IO_L41N_GCLK8_M1CASN_1,OUTPUT,LVCMOS25*,1,12,SLOW,,,,UNLOCATED,NO,NONE,
T1,,IOBS,IO_L41N_GCLK26_M3DQ5_3,UNUSED,,3,,,,,,,,,
T2,,,VCCO_3,,,3,,,,,any******,,,,
T3,,IOBM,IO_L41P_GCLK27_M3DQ4_3,UNUSED,,3,,,,,,,,,
T4,,IOBS,IO_L46N_M3CLKN_3,UNUSED,,3,,,,,,,,,
T5,,,GND,,,,,,,,,,,,
T6,input1<19>,IOB,IO_L31N_VREF_3,INPUT,LVCMOS25*,3,,,,NONE,,UNLOCATED,NO,NONE,
T7,,,VCCO_3,,,3,,,,,any******,,,,
T8,,IOBS,IO_L45N_M3ODT_3,UNUSED,,3,,,,,,,,,
T9,,IOBS,IO_L47N_M3A1_3,UNUSED,,3,,,,,,,,,
T10,,,GND,,,,,,,,,,,,
T11,,,VCCINT,,,,,,,,1.2,,,,
T12,,,GND,,,,,,,,,,,,
T13,,,VCCINT,,,,,,,,1.2,,,,
T14,,,GND,,,,,,,,,,,,
T15,,,VCCINT,,,,,,,,1.2,,,,
T16,,,GND,,,,,,,,,,,,
T17,,,VCCINT,,,,,,,,1.2,,,,
T18,,,GND,,,,,,,,,,,,
T19,input2<9>,IOB,IO_L66P_1,INPUT,LVCMOS25*,1,,,,NONE,,UNLOCATED,NO,NONE,
T20,input2<14>,IOB,IO_L66N_1,INPUT,LVCMOS25*,1,,,,NONE,,UNLOCATED,NO,NONE,
T21,,,GND,,,,,,,,,,,,
T22,output<20>,IOB,IO_L39P_M1A3_1,OUTPUT,LVCMOS25*,1,12,SLOW,,,,UNLOCATED,NO,NONE,
T23,output<19>,IOB,IO_L39N_M1ODT_1,OUTPUT,LVCMOS25*,1,12,SLOW,,,,UNLOCATED,NO,NONE,
T24,output<30>,IOB,IO_L44P_A3_M1DQ6_1,OUTPUT,LVCMOS25*,1,12,SLOW,,,,UNLOCATED,NO,NONE,
T25,,,VCCO_1,,,1,,,,,2.50,,,,
T26,output<29>,IOB,IO_L44N_A2_M1DQ7_1,OUTPUT,LVCMOS25*,1,12,SLOW,,,,UNLOCATED,NO,NONE,
U1,,IOBS,IO_L40N_M3DQ7_3,UNUSED,,3,,,,,,,,,
U2,,IOBM,IO_L40P_M3DQ6_3,UNUSED,,3,,,,,,,,,
U3,input2<31>,IOB,IO_L10N_3,INPUT,LVCMOS25*,3,,,,NONE,,UNLOCATED,NO,NONE,
U4,input1<11>,IOB,IO_L10P_3,INPUT,LVCMOS25*,3,,,,NONE,,UNLOCATED,NO,NONE,
U5,,IOBM,IO_L46P_M3CLK_3,UNUSED,,3,,,,,,,,,
U6,,,VCCAUX,,,,,,,,2.5,,,,
U7,input1<14>,IOB,IO_L31P_3,INPUT,LVCMOS25*,3,,,,NONE,,UNLOCATED,NO,NONE,
U8,input1<16>,IOB,IO_L18N_3,INPUT,LVCMOS25*,3,,,,NONE,,UNLOCATED,NO,NONE,
U9,input1<12>,IOB,IO_L18P_3,INPUT,LVCMOS25*,3,,,,NONE,,UNLOCATED,NO,NONE,
U10,,,VCCINT,,,,,,,,1.2,,,,
U11,,,GND,,,,,,,,,,,,
U12,,,VCCAUX,,,,,,,,2.5,,,,
U13,,IOBM,IO_L27P_2,UNUSED,,2,,,,,,,,,
U14,,,VCCAUX,,,,,,,,2.5,,,,
U15,,IOBM,IO_L17P_2,UNUSED,,2,,,,,,,,,
U16,,,VCCINT,,,,,,,,1.2,,,,
U17,,,GND,,,,,,,,,,,,
U18,,,VCCAUX,,,,,,,,2.5,,,,
U19,input2<19>,IOB,IO_L68P_1,INPUT,LVCMOS25*,1,,,,NONE,,UNLOCATED,NO,NONE,
U20,input2<16>,IOB,IO_L68N_1,INPUT,LVCMOS25*,1,,,,NONE,,UNLOCATED,NO,NONE,
U21,input2<25>,IOB,IO_L53P_1,INPUT,LVCMOS25*,1,,,,NONE,,UNLOCATED,NO,NONE,
U22,input2<27>,IOB,IO_L53N_VREF_1,INPUT,LVCMOS25*,1,,,,NONE,,UNLOCATED,NO,NONE,
U23,output<22>,IOB,IO_L40P_GCLK11_M1A5_1,OUTPUT,LVCMOS25*,1,12,SLOW,,,,UNLOCATED,NO,NONE,
U24,output<21>,IOB,IO_L40N_GCLK10_M1A6_1,OUTPUT,LVCMOS25*,1,12,SLOW,,,,UNLOCATED,NO,NONE,
U25,output<28>,IOB,IO_L43P_GCLK5_M1DQ4_1,OUTPUT,LVCMOS25*,1,12,SLOW,,,,UNLOCATED,NO,NONE,
U26,output<27>,IOB,IO_L43N_GCLK4_M1DQ5_1,OUTPUT,LVCMOS25*,1,12,SLOW,,,,UNLOCATED,NO,NONE,
V1,input1<22>,IOB,IO_L39N_M3LDQSN_3,INPUT,LVCMOS25*,3,,,,NONE,,UNLOCATED,NO,NONE,
V2,,,GND,,,,,,,,,,,,
V3,input1<20>,IOB,IO_L39P_M3LDQS_3,INPUT,LVCMOS25*,3,,,,NONE,,UNLOCATED,NO,NONE,
V4,,IOBM,IO_L42P_GCLK25_TRDY2_M3UDM_3,UNUSED,,3,,,,,,,,,
V5,input1<10>,IOB,IO_L17P_3,INPUT,LVCMOS25*,3,,,,NONE,,UNLOCATED,NO,NONE,
V6,input1<9>,IOB,IO_L9N_3,INPUT,LVCMOS25*,3,,,,NONE,,UNLOCATED,NO,NONE,
V7,input1<8>,IOB,IO_L9P_3,INPUT,LVCMOS25*,3,,,,NONE,,UNLOCATED,NO,NONE,
V8,,,GND,,,,,,,,,,,,
V9,,,VCCAUX,,,,,,,,2.5,,,,
V10,,IOBS,IO_L46N_2,UNUSED,,2,,,,,,,,,
V11,,IOBM,IO_L46P_2,UNUSED,,2,,,,,,,,,
V12,,IOBM,IO_L35P_2,UNUSED,,2,,,,,,,,,
V13,,IOBS,IO_L27N_2,UNUSED,,2,,,,,,,,,
V14,,IOBM,IO_L26P_2,UNUSED,,2,,,,,,,,,
V15,,IOBS,IO_L26N_2,UNUSED,,2,,,,,,,,,
V16,,IOBS,IO_L17N_2,UNUSED,,2,,,,,,,,,
V17,,,VCCAUX,,,,,,,,2.5,,,,
V18,,IOBM,IO_L12P_D1_MISO2_2,UNUSED,,2,,,,,,,,,
V19,,,RFUSE,,,,,,,,,,,,
V20,input2<21>,IOB,IO_L69P_1,INPUT,LVCMOS25*,1,,,,NONE,,UNLOCATED,NO,NONE,
V21,input2<18>,IOB,IO_L69N_VREF_1,INPUT,LVCMOS25*,1,,,,NONE,,UNLOCATED,NO,NONE,
V22,,,VBATT,,,,,,,,,,,,
V23,output<26>,IOB,IO_L42P_GCLK7_M1UDM_1,OUTPUT,LVCMOS25*,1,12,SLOW,,,,UNLOCATED,NO,NONE,
V24,output<31>,IOB,IO_L45P_A1_M1LDQS_1,OUTPUT,LVCMOS25*,1,12,SLOW,,,,UNLOCATED,NO,NONE,
V25,,,GND,,,,,,,,,,,,
V26,input2<3>,IOB,IO_L45N_A0_M1LDQSN_1,INPUT,LVCMOS25*,1,,,,NONE,,UNLOCATED,NO,NONE,
W1,input1<30>,IOB,IO_L38N_M3DQ3_3,INPUT,LVCMOS25*,3,,,,NONE,,UNLOCATED,NO,NONE,
W2,input1<31>,IOB,IO_L38P_M3DQ2_3,INPUT,LVCMOS25*,3,,,,NONE,,UNLOCATED,NO,NONE,
W3,,IOBS,IO_L42N_GCLK24_M3LDM_3,UNUSED,,3,,,,,,,,,
W4,,,VCCO_3,,,3,,,,,any******,,,,
W5,input1<15>,IOB,IO_L17N_VREF_3,INPUT,LVCMOS25*,3,,,,NONE,,UNLOCATED,NO,NONE,
W6,,,VCCO_3,,,3,,,,,any******,,,,
W7,,IOBS,IO_L62N_D6_2,UNUSED,,2,,,,,,,,,
W8,,IOBM,IO_L62P_D5_2,UNUSED,,2,,,,,,,,,
W9,,IOBS,IO_L50N_2,UNUSED,,2,,,,,,,,,
W10,,IOBM,IO_L50P_2,UNUSED,,2,,,,,,,,,
W11,,,VCCO_2,,,2,,,,,any******,,,,
W12,,IOBS,IO_L35N_2,UNUSED,,2,,,,,,,,,
W13,,,VCCAUX,,,,,,,,2.5,,,,
W14,,IOBM,IO_L34P_2,UNUSED,,2,,,,,,,,,
W15,,,VCCO_2,,,2,,,,,any******,,,,
W16,,IOBM,IO_L19P_2,UNUSED,,2,,,,,,,,,
W17,,IOBM,IO_L14P_D11_2,UNUSED,,2,,,,,,,,,
W18,,IOBS,IO_L14N_D12_2,UNUSED,,2,,,,,,,,,
W19,,IOBS,IO_L12N_D2_MISO3_2,UNUSED,,2,,,,,,,,,
W20,,IOBM,IO_L4P_2,UNUSED,,2,,,,,,,,,
W21,,,VCCO_1,,,1,,,,,2.50,,,,
W22,,,VFS,,,,,,,,,,,,
W23,,,VCCO_1,,,1,,,,,2.50,,,,
W24,output<25>,IOB,IO_L42N_GCLK6_TRDY1_M1LDM_1,OUTPUT,LVCMOS25*,1,12,SLOW,,,,UNLOCATED,NO,NONE,
W25,input2<4>,IOB,IO_L46P_FCS_B_M1DQ2_1,INPUT,LVCMOS25*,1,,,,NONE,,UNLOCATED,NO,NONE,
W26,input2<5>,IOB,IO_L46N_FOE_B_M1DQ3_1,INPUT,LVCMOS25*,1,,,,NONE,,UNLOCATED,NO,NONE,
Y1,input1<28>,IOB,IO_L37N_M3DQ1_3,INPUT,LVCMOS25*,3,,,,NONE,,UNLOCATED,NO,NONE,
Y2,,,VCCO_3,,,3,,,,,any******,,,,
Y3,input1<29>,IOB,IO_L37P_M3DQ0_3,INPUT,LVCMOS25*,3,,,,NONE,,UNLOCATED,NO,NONE,
Y4,,,GND,,,,,,,,,,,,
Y5,input1<7>,IOB,IO_L7N_3,INPUT,LVCMOS25*,3,,,,NONE,,UNLOCATED,NO,NONE,
Y6,input1<2>,IOB,IO_L7P_3,INPUT,LVCMOS25*,3,,,,NONE,,UNLOCATED,NO,NONE,
Y7,,,GND,,,,,,,,,,,,
Y8,,,VCCO_2,,,2,,,,,any******,,,,
Y9,,IOBM,IO_L52P_2,UNUSED,,2,,,,,,,,,
Y10,,,GND,,,,,,,,,,,,
Y11,,IOBM,IO_L41P_2,UNUSED,,2,,,,,,,,,
Y12,,IOBM,IO_L33P_2,UNUSED,,2,,,,,,,,,
Y13,,IOBS,IO_L34N_2,UNUSED,,2,,,,,,,,,
Y14,,,GND,,,,,,,,,,,,
Y15,,IOBM,IO_L24P_2,UNUSED,,2,,,,,,,,,
Y16,,IOBS,IO_L19N_2,UNUSED,,2,,,,,,,,,
Y17,,IOBM,IO_L16P_2,UNUSED,,2,,,,,,,,,
Y18,,,VCCO_2,,,2,,,,,any******,,,,
Y19,,,CMPCS_B_2,,,,,,,,,,,,
Y20,,IOBS,IO_L4N_VREF_2,UNUSED,,2,,,,,,,,,
Y21,,IOBM,IO_L2P_CMPCLK_2,UNUSED,,2,,,,,,,,,
Y22,,,SUSPEND,,,,,,,,,,,,
Y23,,,GND,,,,,,,,,,,,
Y24,input2<13>,IOB,IO_L51P_M1DQ12_1,INPUT,LVCMOS25*,1,,,,NONE,,UNLOCATED,NO,NONE,
Y25,,,VCCO_1,,,1,,,,,2.50,,,,
Y26,input2<26>,IOB,IO_L51N_M1DQ13_1,INPUT,LVCMOS25*,1,,,,NONE,,UNLOCATED,NO,NONE,

# -----,-----,-----,-----,-----,-----,-----,-----,-----,-----,-----,-----,-----,-----,-----,
# 
#* Default value.
#** This default Pullup/Pulldown value can be overridden in Bitgen. 
#****** Special VCCO requirements may apply. Please consult the device 
#       family datasheet for specific guideline on VCCO requirements. 
#
#
#